SampleID,Country,Farm,Time,Treatment,Lat,Long,Elevation,pH,biomass,WHC,SOC,total_sand,total_silt,total_clay,soil_N,BD,soil_P,WC,VWC,respiration,reduction
ES_1_T0,ES,1,T0,C,37.57646201,-2.318505999,1109.274536,8.77,0,34.3,0.62,50.13788163,28.44247597,21.4196424,0.06,1.71,0.31,7.28,12.4488,0.89,0.21
ES_2_T0,ES,1,T0,D,37.57646201,-2.318505999,1109.274536,8.77,0,35.55,0.62,50.13788163,28.44247597,21.4196424,0.06,1.71,0.31,7.14,12.2094,1.18,0.20
ES_3_T0,ES,2,T0,C,37.57389598,-2.315838039,1121.020508,8.47,0,40.46,0.5,38.93054459,18.62174428,42.44771113,0.06,1.64,0.14,6.72,11.0208,0.65,0.17
ES_4_T0,ES,2,T0,D,37.57389598,-2.315838039,1121.020508,8.47,0,37.15,0.5,38.93054459,18.62174428,42.44771113,0.06,1.64,0.14,7.29,11.9556,0.66,0.20
ES_5_T0,ES,3,T0,C,37.72955496,-2.319309991,1014.76709,8.66,0,37.56,1.91,51.96753935,29.22136089,18.81109976,0.05,1.56,0.32,9.42,14.6952,0.72,0.25
ES_6_T0,ES,3,T0,D,37.72955496,-2.319309991,1014.76709,8.66,0,39.52,1.91,51.96753935,29.22136089,18.81109976,0.05,1.56,0.32,8.4,13.104,0.76,0.21
ES_7_T0,ES,4,T0,C,37.72679999,-2.31696398,1017.348267,8.59,0,41.12,0.65,48.9014173,33.14900848,17.94957422,0.04,1.44,0.36,7.61,10.9584,0.85,0.19
ES_8_T0,ES,4,T0,D,37.72679999,-2.31696398,1017.348267,8.59,0,42.96,0.65,48.9014173,33.14900848,17.94957422,0.04,1.44,0.36,8.13,11.7072,0.87,0.19
ES_9_T0,ES,5,T0,C,37.72690301,-2.308285022,1018.342224,8.65,0,44.85,1.14,41.81685947,35.75081252,22.43232801,0.03,1.28,0.39,9.26,11.8528,1.1,0.21
ES_10_T0,ES,5,T0,D,37.72690301,-2.308285022,1018.342224,8.65,0,44.54,1.14,41.81685947,35.75081252,22.43232801,0.03,1.28,0.39,7.16,9.1648,1.09,0.16
SE_1_T0,SE,1,T0,C,55.8763,13.2282,59.585,6.49,0,48.25,1.96,54.11270822,21.29396085,24.59333093,0.21,1.43,0.61,10.06,14.3858,2.39,0.21
SE_2_T0,SE,1,T0,D,55.8763,13.2282,59.585,6.49,0,51.17,1.96,54.11270822,21.29396085,24.59333093,0.21,1.43,0.61,9.12,13.0416,2.16,0.18
SE_3_T0,SE,2,T0,C,55.8564,13.4235,93.621,5.8,0,50.65,2.33,55.33847045,27.10659245,17.5549371,0.23,1.35,1.25,10.59,14.2965,2.26,0.21
SE_4_T0,SE,2,T0,D,55.8564,13.4235,93.621,5.8,0,47.95,2.33,55.33847045,27.10659245,17.5549371,0.23,1.35,1.25,11.25,15.1875,2.03,0.23
SE_5_T0,SE,3,T0,C,55.6521,13.0825,0.113,7.87,0,70.44,2.52,47.22773885,41.32265814,11.44960301,0.25,1.35,0.88,19.55,26.3925,1.81,0.28
SE_6_T0,SE,3,T0,D,55.6521,13.0825,0.113,7.87,0,69.15,2.52,47.22773885,41.32265814,11.44960301,0.25,1.35,0.88,20.46,27.621,2.1,0.30
SE_7_T0,SE,4,T0,C,55.6782,13.6381,16.384,7.05,0,52.54,2.58,71.94539279,14.71787855,13.33672866,0.23,1.2,0.79,11.32,13.584,2.28,0.22
SE_8_T0,SE,4,T0,D,55.6782,13.6381,16.384,7.05,0,50.49,2.58,71.94539279,14.71787855,13.33672866,0.23,1.2,0.79,11.52,13.824,2.55,0.23
SE_9_T0,SE,5,T0,C,55.494,13.4335,55.895,7.52,0,54.23,2.11,9.180764658,46.77047372,44.04876162,0.21,1.29,0.83,14.6,18.834,1.82,0.27
SE_10_T0,SE,5,T0,D,55.494,13.4335,55.895,7.52,0,48.12,2.11,9.180764658,46.77047372,44.04876162,0.21,1.29,0.83,17.72,22.8588,1.38,0.37
ES_1_T1,ES,1,T1,C,37.57646201,-2.318505999,1109.274536,8.77,0,34.3,0.62,50.13788163,28.44247597,21.4196424,0.06,1.71,0.31,10.03,17.1513,0.9,0.29
ES_2_T1,ES,1,T1,D,37.57646201,-2.318505999,1109.274536,8.77,0,35.55,0.62,50.13788163,28.44247597,21.4196424,0.06,1.71,0.31,11.34,19.3914,0.38,0.32
ES_3_T1,ES,2,T1,C,37.57389598,-2.315838039,1121.020508,8.47,0,40.46,0.5,38.93054459,18.62174428,42.44771113,0.06,1.64,0.14,10.45,17.138,0.19,0.26
ES_4_T1,ES,2,T1,D,37.57389598,-2.315838039,1121.020508,8.47,0,37.15,0.5,38.93054459,18.62174428,42.44771113,0.06,1.64,0.14,11.23,18.4172,0.95,0.30
ES_5_T1,ES,3,T1,C,37.72955496,-2.319309991,1014.76709,8.66,0,37.56,1.91,51.96753935,29.22136089,18.81109976,0.05,1.56,0.32,12.64,19.7184,0.51,0.34
ES_6_T1,ES,3,T1,D,37.72955496,-2.319309991,1014.76709,8.66,0,39.52,1.91,51.96753935,29.22136089,18.81109976,0.05,1.56,0.32,13.68,21.3408,0.05,0.35
ES_7_T1,ES,4,T1,C,37.72679999,-2.31696398,1017.348267,8.59,0,41.12,0.65,48.9014173,33.14900848,17.94957422,0.04,1.44,0.36,14.02,20.1888,0.21,0.34
ES_8_T1,ES,4,T1,D,37.72679999,-2.31696398,1017.348267,8.59,0,42.96,0.65,48.9014173,33.14900848,17.94957422,0.04,1.44,0.36,14.5,20.88,0.89,0.34
ES_9_T1,ES,5,T1,C,37.72690301,-2.308285022,1018.342224,8.65,0,44.85,1.14,41.81685947,35.75081252,22.43232801,0.03,1.28,0.39,15.68,20.0704,1.18,0.35
ES_10_T1,ES,5,T1,D,37.72690301,-2.308285022,1018.342224,8.65,0,44.54,1.14,41.81685947,35.75081252,22.43232801,0.03,1.28,0.39,13.73,17.5744,0.41,0.31
SE_1_T1,SE,1,T1,C,55.8763,13.2282,59.585,6.49,0,48.25,1.96,54.11270822,21.29396085,24.59333093,0.21,1.43,0.61,15.25,21.8075,1.42,0.32
SE_2_T1,SE,1,T1,D,55.8763,13.2282,59.585,6.49,0,51.17,1.96,54.11270822,21.29396085,24.59333093,0.21,1.43,0.61,14.64,20.9352,2.08,0.29
SE_3_T1,SE,2,T1,C,55.8564,13.4235,93.621,5.8,0,50.65,2.33,55.33847045,27.10659245,17.5549371,0.23,1.35,1.25,15.59,21.0465,3.15,0.31
SE_4_T1,SE,2,T1,D,55.8564,13.4235,93.621,5.8,0,47.95,2.33,55.33847045,27.10659245,17.5549371,0.23,1.35,1.25,13.92,18.792,1.04,0.29
SE_5_T1,SE,3,T1,C,55.6521,13.0825,0.113,7.87,0,70.44,2.52,47.22773885,41.32265814,11.44960301,0.25,1.35,0.88,20.45,27.6075,0.87,0.29
SE_6_T1,SE,3,T1,D,55.6521,13.0825,0.113,7.87,0,69.15,2.52,47.22773885,41.32265814,11.44960301,0.25,1.35,0.88,21.34,28.809,1.58,0.31
SE_7_T1,SE,4,T1,C,55.6782,13.6381,16.384,7.05,0,52.54,2.58,71.94539279,14.71787855,13.33672866,0.23,1.2,0.79,17.67,21.204,2.19,0.34
SE_8_T1,SE,4,T1,D,55.6782,13.6381,16.384,7.05,0,50.49,2.58,71.94539279,14.71787855,13.33672866,0.23,1.2,0.79,16.64,19.968,1.62,0.33
SE_9_T1,SE,5,T1,C,55.494,13.4335,55.895,7.52,0,54.23,2.11,9.180764658,46.77047372,44.04876162,0.21,1.29,0.83,13.67,17.6343,0.65,0.25
SE_10_T1,SE,5,T1,D,55.494,13.4335,55.895,7.52,0,48.12,2.11,9.180764658,46.77047372,44.04876162,0.21,1.29,0.83,12.67,16.3443,1.49,0.26
ES_1_T2,ES,1,T2,C,37.57646201,-2.318505999,1109.274536,8.77,0,34.3,0.62,50.13788163,28.44247597,21.4196424,0.06,1.71,0.31,12.95,22.1445,0.78,0.38
ES_2_T2,ES,1,T2,D,37.57646201,-2.318505999,1109.274536,8.77,0,35.55,0.62,50.13788163,28.44247597,21.4196424,0.06,1.71,0.31,5.57,9.5247,0.13,0.16
ES_3_T2,ES,2,T2,C,37.57389598,-2.315838039,1121.020508,8.47,0,40.46,0.5,38.93054459,18.62174428,42.44771113,0.06,1.64,0.14,16.87,27.6668,0.15,0.42
ES_4_T2,ES,2,T2,D,37.57389598,-2.315838039,1121.020508,8.47,0,37.15,0.5,38.93054459,18.62174428,42.44771113,0.06,1.64,0.14,9.1,14.924,0.99,0.24
ES_5_T2,ES,3,T2,C,37.72955496,-2.319309991,1014.76709,8.66,0,37.56,1.91,51.96753935,29.22136089,18.81109976,0.05,1.56,0.32,13.91,21.6996,0.52,0.37
ES_6_T2,ES,3,T2,D,37.72955496,-2.319309991,1014.76709,8.66,0,39.52,1.91,51.96753935,29.22136089,18.81109976,0.05,1.56,0.32,5.94,9.2664,0.14,0.15
ES_7_T2,ES,4,T2,C,37.72679999,-2.31696398,1017.348267,8.59,0,41.12,0.65,48.9014173,33.14900848,17.94957422,0.04,1.44,0.36,16.25,23.4,0.34,0.40
ES_8_T2,ES,4,T2,D,37.72679999,-2.31696398,1017.348267,8.59,0,42.96,0.65,48.9014173,33.14900848,17.94957422,0.04,1.44,0.36,7.47,10.7568,0.69,0.17
ES_9_T2,ES,5,T2,C,37.72690301,-2.308285022,1018.342224,8.65,0,44.85,1.14,41.81685947,35.75081252,22.43232801,0.03,1.28,0.39,18.08,23.1424,1.45,0.40
ES_10_T2,ES,5,T2,D,37.72690301,-2.308285022,1018.342224,8.65,0,44.54,1.14,41.81685947,35.75081252,22.43232801,0.03,1.28,0.39,9.27,11.8656,0.34,0.21
SE_1_T2,SE,1,T2,C,55.8763,13.2282,59.585,6.49,0,48.25,1.96,54.11270822,21.29396085,24.59333093,0.21,1.43,0.61,12.23,17.4889,0.92,0.25
SE_2_T2,SE,1,T2,D,55.8763,13.2282,59.585,6.49,0,51.17,1.96,54.11270822,21.29396085,24.59333093,0.21,1.43,0.61,8.24,11.7832,2.41,0.16
SE_3_T2,SE,2,T2,C,55.8564,13.4235,93.621,5.8,0,50.65,2.33,55.33847045,27.10659245,17.5549371,0.23,1.35,1.25,17.19,23.2065,2.33,0.34
SE_4_T2,SE,2,T2,D,55.8564,13.4235,93.621,5.8,0,47.95,2.33,55.33847045,27.10659245,17.5549371,0.23,1.35,1.25,8.47,11.4345,1.98,0.18
SE_5_T2,SE,3,T2,C,55.6521,13.0825,0.113,7.87,0,70.44,2.52,47.22773885,41.32265814,11.44960301,0.25,1.35,0.88,21.62,29.187,0.49,0.31
SE_6_T2,SE,3,T2,D,55.6521,13.0825,0.113,7.87,0,69.15,2.52,47.22773885,41.32265814,11.44960301,0.25,1.35,0.88,13.41,18.1035,1.29,0.19
SE_7_T2,SE,4,T2,C,55.6782,13.6381,16.384,7.05,0,52.54,2.58,71.94539279,14.71787855,13.33672866,0.23,1.2,0.79,19.64,23.568,1.7,0.37
SE_8_T2,SE,4,T2,D,55.6782,13.6381,16.384,7.05,0,50.49,2.58,71.94539279,14.71787855,13.33672866,0.23,1.2,0.79,7.73,9.276,0.81,0.15
SE_9_T2,SE,5,T2,C,55.494,13.4335,55.895,7.52,0,54.23,2.11,9.180764658,46.77047372,44.04876162,0.21,1.29,0.83,14.54,18.7566,0.53,0.27
SE_10_T2,SE,5,T2,D,55.494,13.4335,55.895,7.52,0,48.12,2.11,9.180764658,46.77047372,44.04876162,0.21,1.29,0.83,9.32,12.0228,0.95,0.19
ES_1_T3,ES,1,T3,C,37.57646201,-2.318505999,1109.274536,8.77,0,34.3,0.62,50.13788163,28.44247597,21.4196424,0.06,1.71,0.31,12.63,21.5973,1.14,0.37
ES_2_T3,ES,1,T3,D,37.57646201,-2.318505999,1109.274536,8.77,0,35.55,0.62,50.13788163,28.44247597,21.4196424,0.06,1.71,0.31,5.63,9.6273,0.47,0.16
ES_3_T3,ES,2,T3,C,37.57389598,-2.315838039,1121.020508,8.47,0,40.46,0.5,38.93054459,18.62174428,42.44771113,0.06,1.64,0.14,15.3,25.092,1.09,0.38
ES_4_T3,ES,2,T3,D,37.57389598,-2.315838039,1121.020508,8.47,0,37.15,0.5,38.93054459,18.62174428,42.44771113,0.06,1.64,0.14,6.3,10.332,0.3,0.17
ES_5_T3,ES,3,T3,C,37.72955496,-2.319309991,1014.76709,8.66,0,37.56,1.91,51.96753935,29.22136089,18.81109976,0.05,1.56,0.32,15.08,23.5248,0.87,0.40
ES_6_T3,ES,3,T3,D,37.72955496,-2.319309991,1014.76709,8.66,0,39.52,1.91,51.96753935,29.22136089,18.81109976,0.05,1.56,0.32,6.19,9.6564,0.26,0.16
ES_7_T3,ES,4,T3,C,37.72679999,-2.31696398,1017.348267,8.59,0,41.12,0.65,48.9014173,33.14900848,17.94957422,0.04,1.44,0.36,15.4,22.176,0.82,0.37
ES_8_T3,ES,4,T3,D,37.72679999,-2.31696398,1017.348267,8.59,0,42.96,0.65,48.9014173,33.14900848,17.94957422,0.04,1.44,0.36,8.38,12.0672,0.73,0.20
ES_9_T3,ES,5,T3,C,37.72690301,-2.308285022,1018.342224,8.65,0,44.85,1.14,41.81685947,35.75081252,22.43232801,0.03,1.28,0.39,16.79,21.4912,1.06,0.37
ES_10_T3,ES,5,T3,D,37.72690301,-2.308285022,1018.342224,8.65,0,44.54,1.14,41.81685947,35.75081252,22.43232801,0.03,1.28,0.39,8.59,10.9952,0.23,0.19
SE_1_T3,SE,1,T3,C,55.8763,13.2282,59.585,6.49,0,48.25,1.96,54.11270822,21.29396085,24.59333093,0.21,1.43,0.61,18.7,26.741,1.69,0.39
SE_2_T3,SE,1,T3,D,55.8763,13.2282,59.585,6.49,0,51.17,1.96,54.11270822,21.29396085,24.59333093,0.21,1.43,0.61,7.35,10.5105,1.42,0.14
SE_3_T3,SE,2,T3,C,55.8564,13.4235,93.621,5.8,0,50.65,2.33,55.33847045,27.10659245,17.5549371,0.23,1.35,1.25,19.81,26.7435,2.93,0.39
SE_4_T3,SE,2,T3,D,55.8564,13.4235,93.621,5.8,0,47.95,2.33,55.33847045,27.10659245,17.5549371,0.23,1.35,1.25,6.75,9.1125,1.75,0.14
SE_5_T3,SE,3,T3,C,55.6521,13.0825,0.113,7.87,0,70.44,2.52,47.22773885,41.32265814,11.44960301,0.25,1.35,0.88,23.42,31.617,1.77,0.33
SE_6_T3,SE,3,T3,D,55.6521,13.0825,0.113,7.87,0,69.15,2.52,47.22773885,41.32265814,11.44960301,0.25,1.35,0.88,11.27,15.2145,1.04,0.16
SE_7_T3,SE,4,T3,C,55.6782,13.6381,16.384,7.05,0,52.54,2.58,71.94539279,14.71787855,13.33672866,0.23,1.2,0.79,19.92,23.904,3.1,0.38
SE_8_T3,SE,4,T3,D,55.6782,13.6381,16.384,7.05,0,50.49,2.58,71.94539279,14.71787855,13.33672866,0.23,1.2,0.79,8.68,10.416,1.49,0.17
SE_9_T3,SE,5,T3,C,55.494,13.4335,55.895,7.52,0,54.23,2.11,9.180764658,46.77047372,44.04876162,0.21,1.29,0.83,12.26,15.8154,2.3,0.23
SE_10_T3,SE,5,T3,D,55.494,13.4335,55.895,7.52,0,48.12,2.11,9.180764658,46.77047372,44.04876162,0.21,1.29,0.83,9.71,12.5259,1.71,0.20
ES_1_T4,ES,1,T4,C,37.57646201,-2.318505999,1109.274536,8.77,4.22,34.3,0.62,50.13788163,28.44247597,21.4196424,0.06,1.71,0.31,13.94,23.8374,0.64,0.41
ES_2_T4,ES,1,T4,D,37.57646201,-2.318505999,1109.274536,8.77,2.1,35.55,0.62,50.13788163,28.44247597,21.4196424,0.06,1.71,0.31,6.31,10.7901,0.17,0.18
ES_3_T4,ES,2,T4,C,37.57389598,-2.315838039,1121.020508,8.47,2.58,40.46,0.5,38.93054459,18.62174428,42.44771113,0.06,1.64,0.14,17.03,27.9292,0.2,0.42
ES_4_T4,ES,2,T4,D,37.57389598,-2.315838039,1121.020508,8.47,1.19,37.15,0.5,38.93054459,18.62174428,42.44771113,0.06,1.64,0.14,9.27,15.2028,0.9,0.25
ES_5_T4,ES,3,T4,C,37.72955496,-2.319309991,1014.76709,8.66,2.37,37.56,1.91,51.96753935,29.22136089,18.81109976,0.05,1.56,0.32,17.53,27.3468,0.53,0.47
ES_6_T4,ES,3,T4,D,37.72955496,-2.319309991,1014.76709,8.66,0.98,39.52,1.91,51.96753935,29.22136089,18.81109976,0.05,1.56,0.32,7.76,12.1056,0.19,0.20
ES_7_T4,ES,4,T4,C,37.72679999,-2.31696398,1017.348267,8.59,3.01,41.12,0.65,48.9014173,33.14900848,17.94957422,0.04,1.44,0.36,16.86,24.2784,0.25,0.41
ES_8_T4,ES,4,T4,D,37.72679999,-2.31696398,1017.348267,8.59,1.84,42.96,0.65,48.9014173,33.14900848,17.94957422,0.04,1.44,0.36,8.01,11.5344,0.88,0.19
ES_9_T4,ES,5,T4,C,37.72690301,-2.308285022,1018.342224,8.65,2.81,44.85,1.14,41.81685947,35.75081252,22.43232801,0.03,1.28,0.39,18.76,24.0128,0.99,0.42
ES_10_T4,ES,5,T4,D,37.72690301,-2.308285022,1018.342224,8.65,2.54,44.54,1.14,41.81685947,35.75081252,22.43232801,0.03,1.28,0.39,9.54,12.2112,0.22,0.21
SE_1_T4,SE,1,T4,C,55.8763,13.2282,59.585,6.49,12.07,48.25,1.96,54.11270822,21.29396085,24.59333093,0.21,1.43,0.61,19.35,27.6705,1.71,0.40
SE_2_T4,SE,1,T4,D,55.8763,13.2282,59.585,6.49,18.08,51.17,1.96,54.11270822,21.29396085,24.59333093,0.21,1.43,0.61,9.75,13.9425,1.91,0.19
SE_3_T4,SE,2,T4,C,55.8564,13.4235,93.621,5.8,8.02,50.65,2.33,55.33847045,27.10659245,17.5549371,0.23,1.35,1.25,22.53,30.4155,2.97,0.44
SE_4_T4,SE,2,T4,D,55.8564,13.4235,93.621,5.8,12,47.95,2.33,55.33847045,27.10659245,17.5549371,0.23,1.35,1.25,10.08,13.608,1.21,0.21
SE_5_T4,SE,3,T4,C,55.6521,13.0825,0.113,7.87,12.43,70.44,2.52,47.22773885,41.32265814,11.44960301,0.25,1.35,0.88,23.37,31.5495,0.61,0.33
SE_6_T4,SE,3,T4,D,55.6521,13.0825,0.113,7.87,6.39,69.15,2.52,47.22773885,41.32265814,11.44960301,0.25,1.35,0.88,16.08,21.708,1.69,0.23
SE_7_T4,SE,4,T4,C,55.6782,13.6381,16.384,7.05,6.63,52.54,2.58,71.94539279,14.71787855,13.33672866,0.23,1.2,0.79,21.91,26.292,2.43,0.42
SE_8_T4,SE,4,T4,D,55.6782,13.6381,16.384,7.05,11.43,50.49,2.58,71.94539279,14.71787855,13.33672866,0.23,1.2,0.79,9.54,11.448,0.86,0.19
SE_9_T4,SE,5,T4,C,55.494,13.4335,55.895,7.52,7.17,54.23,2.11,9.180764658,46.77047372,44.04876162,0.21,1.29,0.83,18.43,23.7747,0.92,0.34
SE_10_T4,SE,5,T4,D,55.494,13.4335,55.895,7.52,7.14,48.12,2.11,9.180764658,46.77047372,44.04876162,0.21,1.29,0.83,10.99,14.1771,1.05,0.23
