"baseMean"	"log2FoldChange"	"lfcSE"	"stat"	"pvalue"	"padj"
"ADY36172.1"	1004.4354762608	-6.43099245112671	1.2942541544227	-4.96887912559588	6.73410295631674e-07	0.000432764089739078
"ALL05779.1"	987.675282443584	-6.33093931999594	1.52010293242843	-4.16480962238655	3.11612476569755e-05	0.00685586400013031
"CED82288.1"	355.238443900874	-6.27222305630603	1.27165392789118	-4.93233490554103	8.12524474899362e-07	0.00044691385258449
"ACY49470.1"	1252.42279795498	-5.88007669135216	1.07953110146225	-5.4468803014452	5.126093419228e-08	6.44459787655943e-05
"ADZ83524.1"	621.991069217395	-5.81257640763714	1.17399835769094	-4.95109415576142	7.37973858224854e-07	0.000432969262620522
"ACT01491.1"	1024.33142984351	-5.74579790706397	1.1128301247499	-5.16323001981572	2.42724569494233e-07	0.000178008131152833
"ACF83226.1"	5009.88258471238	-5.6116391686647	0.952729598591664	-5.89006490084898	3.86043978885885e-09	1.13246001206174e-05
"ADI10019.1"	43346.1784641663	-5.58277270793133	1.07925444946869	-5.17280490312518	2.30605762847877e-07	0.000178008131152833
"ADY27459.1"	2449.73248657627	-5.58119068903301	1.09417822361114	-5.10080585465619	3.3821035341274e-07	0.000228955401169909
"AAC39109.4"	353.453275618354	-5.51554184923473	0.952535258143083	-5.79038077812152	7.02270319218413e-09	1.76580855550904e-05
"AID55366.1"	767.866489761001	-5.38593258389543	1.21798039134837	-4.42201912457137	9.77827990531914e-06	0.00280781486699635
"ADT68316.1"	1049.21374491275	-5.24562396859036	1.13417115602981	-4.62507262744433	3.74467165202221e-06	0.00143282534233137
"ACY47437.1"	5067.77508146413	-5.23397892772687	1.31042240540138	-3.99411587145729	6.49361035889618e-05	0.0112052976398953
"SCF03497.1"	3432.22772746942	-5.22524679058655	0.972133091910751	-5.37503232228851	7.65689453428727e-08	8.98460004653268e-05
"ABD68845.1"	846.108309266343	-5.18835035703862	0.919700517441279	-5.64134765464007	1.68724290401548e-08	2.86664446635389e-05
"ACO92620.2"	3875.70216726289	-5.18453323289354	1.18079624000383	-4.3907094698038	1.12981415980916e-05	0.00305936292720014
"ABS43540.1"	147.746273065232	-5.18049098582323	0.973956641371517	-5.3190160277855	1.04329945613396e-07	0.000102017298485632
"ABF86069.1"	7417.50166437633	-5.09967700595895	1.09966978082122	-4.63746216809792	3.52713143185942e-06	0.00137957867404795
"AJA90537.1"	395.025205700735	-5.07688815241066	1.39066892790178	-3.65068065486342	0.000261546270447894	0.0240200013413332
"ADX07316.1"	570.893197489296	-5.06652693555219	0.988172242703453	-5.12716985622985	2.94130134450335e-07	0.000207079379858414
"ALJ56196.1"	2292.49106694797	-5.04342268086489	1.44139725282276	-3.4989817491244	0.000467038548262707	0.0317387856678452
"CCA66590.1"	772.526778876201	4.95774288720697	1.28487944042131	3.85852768068368	0.000114072149647723	0.0149834619846983
"ADW71271.1"	501.574855518208	-4.93143895413681	1.33205985314061	-3.70211514333227	0.000213809539128482	0.0212965267321786
"AEF58998.1"	383.152655334936	-4.86631113506127	0.853188949570903	-5.7036734213549	1.17252626457574e-08	2.29307053142195e-05
"ACR11184.1"	241.866806799112	-4.8310595439297	1.28890678577498	-3.74818380758616	0.000178119704280059	0.0191771499821105
"ADT72499.1"	122.597021003517	-4.82835600814793	1.03168041109384	-4.68008886882775	2.86750593314049e-06	0.00114706754384558
"AFR47458.1"	2517.62069152522	-4.78769207601151	1.32919933467692	-3.60193685860912	0.000315855091380152	0.0263477036179245
"SCG44401.1"	157.551816274975	4.76828180578787	0.760010914719013	6.2739649042419	3.51967876937871e-10	3.09749330099173e-06
"AAW34592.1"	121.355351040509	-4.75999893173014	1.07145768836593	-4.44254493986557	8.8901057421195e-06	0.00260791251945076
"ADC49391.1"	180.973622474173	-4.75898651144207	1.33702461861774	-3.55938585211846	0.000371723055416774	0.0289103885323528
"ABK05142.1"	1810.08127435746	-4.73313744567809	0.779137798098009	-6.07483997982435	1.24111421666485e-09	4.36897026550361e-06
"AJE44279.1"	3739.26109882161	-4.72974156411108	1.20819249875032	-3.9147251526584	9.05072466316932e-05	0.0133867062854154
"ABL05685.1"	487.847612544392	-4.67591206242551	0.988574790848341	-4.72995276200893	2.24572084704971e-06	0.00094111744354576
"AFC28766.1"	537.493834800002	-4.65993224029796	0.894031602723088	-5.21226791771621	1.86545871255609e-07	0.00015635208952238
"AEI40117.1"	548.824906564052	-4.64523531505527	0.824937895308659	-5.63101215433582	1.79155099880079e-08	2.86664446635389e-05
"APA12064.1"	584.155080264853	-4.62490044507731	1.13493616261039	-4.07503135193073	4.60081482094661e-05	0.00889878479818475
"ALJ06391.1"	484.114968902571	-4.6125279468511	1.28921889926435	-3.57776941486282	0.000346538953134753	0.0275992403354063
"ACR12128.1"	336.695491377943	-4.57276746789206	1.20139570483254	-3.80621259881186	0.000141111096316422	0.0166655968146094
"ABV52273.1"	122.561175449817	-4.55995337524758	1.06566882318197	-4.27895916259619	1.87769306247626e-05	0.00465482754825981
"AIA16533.1"	179.684754117235	-4.55199867720913	1.17255921504455	-3.88210558477952	0.000103555893226036	0.0142907625943555
"AGP34472.1"	3747.2107854764	-4.51483851060069	0.92276787262175	-4.89271315631441	9.94553072340914e-07	0.000530458443220376
"AAK74795.1"	296.071010002659	-4.48648840614799	1.353277815613	-3.31527521872198	0.000915529384388662	0.0460406648417852
"ACB74980.1"	1765.50336430273	-4.4728652426415	0.980052247887036	-4.56390488597405	5.02108337514875e-06	0.00180359364257129
"SCF32826.1"	1957.29590256184	-4.4139551833337	0.903463611318189	-4.88559265479831	1.03118197738988e-06	0.000533818646589392
"ABJ84212.1"	1165.73555997353	-4.40912165176188	0.922630591850762	-4.7788591563145	1.7629262770022e-06	0.000816559615829363
"ACN27802.1"	1433.1975637542	-4.39027174299777	1.11920760105392	-3.92266076361848	8.7576419467547e-05	0.0132882117159336
"ABD26847.1"	5992.20918721374	-4.37088603637591	1.07950048857672	-4.04898940077253	5.1439274101016e-05	0.00963173046225514
"ABK91972.1"	3464.49286976179	-4.36517901700542	0.679745107461533	-6.42178806303869	1.34682851967214e-10	2.37055287747493e-06
"CCE78992.1"	501.931455013875	-4.35979704400682	1.22255059518989	-3.5661485595446	0.00036226606264138	0.0285930267648024
"AJP05091.1"	1067.97354999312	-4.34504749056844	1.11313412159013	-3.90343571928374	9.48367464686723e-05	0.0139101797882925
"ABB22031.1"	633.216437006111	-4.31850630673323	0.808060950740391	-5.34428288209741	9.07757097137514e-08	9.98589541669837e-05
"ACG31427.1"	206.528105284174	-4.24734889821224	1.10648703691009	-3.83858893645346	0.000123743393693239	0.0157448000960843
"AFR10161.1"	808.524289375504	-4.23654571051718	0.875800408689953	-4.83734155462925	1.31587202853779e-06	0.000643351765952602
"AFI27572.1"	200.787831381255	-4.22611650468217	1.09711305498324	-3.85203374026638	0.000117140877532652	0.015160269010678
"AKH82794.1"	4297.18297026398	-4.2190312541952	1.02155510305595	-4.13000849545375	3.62749829565411e-05	0.00760090446450095
"CCA67046.1"	3601.05986291022	-4.19982658952439	1.15761204587247	-3.62800871371294	0.000285615623637106	0.0250860288139929
"AIQ11159.1"	2522.09513886616	-4.12378613620809	1.04652960401672	-3.94043906677885	8.1332608481056e-05	0.012737490843426
"ADX99504.1"	518.305283341276	-4.12299948077329	0.9857216131389	-4.18272200367419	2.88039519636506e-05	0.00649972254502838
"AGW30394.1"	755.390148041618	-4.11812071029651	0.866148694429966	-4.75451932997111	1.98919109932597e-06	0.000875293813480909
"AEK40040.1"	341.493568601454	4.1094133312068	0.666120617579317	6.16917300374279	6.86480854634861e-10	3.34583504036422e-06
"ADU56336.1"	512.214262478755	-4.10627411248699	1.0293258046187	-3.98928511658961	6.62727245691672e-05	0.0112160213955953
"AEX52955.1"	67.3944541917041	-4.03979521964953	1.16063040906843	-3.48069048345204	0.00050012306362917	0.0333434319808221
"ADD40002.1"	4909.71067941082	-4.03733290884535	1.03642878502573	-3.89542722778112	9.80257911406787e-05	0.0140479458698258
"ACR12992.1"	839.201223345733	-4.03561915799007	0.916727958139964	-4.40219928077499	1.07159060275448e-05	0.00299382003160025
"ACM01161.1"	2109.58821419363	-4.02655246498461	0.935322821442148	-4.30498686942781	1.6699564027573e-05	0.0042598409630335
"ADJ43338.1"	355.739297682709	3.97917122322843	0.646705687510811	6.1529862812006	7.60373851568484e-10	3.34583504036422e-06
"AOW24543.1"	429.975199234586	-3.9721899011613	0.980906589391964	-4.04950883613041	5.1325240031498e-05	0.00963173046225514
"ADW67654.1"	35078.2231817975	-3.96937913548533	1.12375284750181	-3.53225279411711	0.000412035264838999	0.0299367794174932
"AQS64248.1"	617.866355235873	-3.96382457811107	1.15794399905729	-3.42315740773139	0.00061898222270673	0.0364899895544901
"ADE53255.1"	751.638681018219	-3.93135326074077	1.05624225340509	-3.72201855025867	0.000197636499534873	0.0204623531077253
"SDU27391.1"	220.250016772445	-3.92659077102717	0.922298232167907	-4.25739813226957	2.06819847974074e-05	0.0049866248550571
"ADO68418.1"	5041.63387769957	-3.92264281975914	0.988856494619345	-3.9668474051628	7.28295882167019e-05	0.0119801269364689
"CAB69046.2"	1534.26539455055	-3.91790205594989	0.808690665990051	-4.84474746738092	1.26772818836071e-06	0.000637522395523912
"AHY10202.1"	246.678128397746	-3.91288979432092	1.16309459679438	-3.36420597697323	0.000767642290070766	0.040734023141568
"CAD62686.1"	1513.64886563894	-3.90946379062283	0.861685956196881	-4.53699374175431	5.70617992147251e-06	0.0019693033881929
"ADU15260.1"	2081.97957710324	-3.89956055065611	1.13930179477483	-3.42276345788328	0.000619879943002815	0.0364899895544901
"AGY40468.1"	250.798146598	-3.8942911758868	1.06743951956979	-3.64825463596879	0.000264027890264099	0.0240522165160386
"ACS87771.1"	765.019353541014	-3.8886603969316	1.12428437167318	-3.45878720269359	0.000542613422151471	0.0348200748741673
"ADU07106.1"	2846.92484456648	-3.84723461789389	1.07757876223869	-3.57025839104439	0.000356629264535313	0.0282749175003876
"ANN17475.1"	273.594157847887	3.83003889452915	0.702977256809691	5.44831124681181	5.08503165818812e-08	6.44459787655943e-05
"APK17958.1"	246.911211982067	-3.82943055422324	1.14466975726729	-3.34544573219562	0.000821504333963308	0.0427224620209442
"ADL44886.1"	2882.33338676909	-3.82132256783771	1.07531083568556	-3.5536911198346	0.00037986507497821	0.0289171695921272
"ADF63923.1"	86.8175012818949	-3.8115592871406	0.920239736229754	-4.14191991182283	3.44410616008136e-05	0.00739264786873074
"ABR43377.1"	74.7205782133845	-3.80480791203747	1.09664394539228	-3.46950158984962	0.000521424981601361	0.0341776088076062
"AKL25310.1"	101.769661296633	-3.80335976832785	0.841894663487624	-4.51761952329296	6.25387279002082e-06	0.00207687575428597
"ABX57600.1"	775.114381646835	-3.76943651101037	0.707874639152934	-5.32500573197677	1.00949856160722e-07	0.000102017298485632
"ABX03537.1"	8357.39454369824	-3.74354058753905	0.919750302513018	-4.07017054227723	4.69787345189238e-05	0.00898774680725629
"ADT70774.1"	1224.62203072053	-3.73078767395324	0.868978599197775	-4.29330213355937	1.76035196783384e-05	0.00442627928369192
"AQQ09760.1"	62.8840478670959	-3.71967097109407	1.13297532121147	-3.28309972993648	0.00102672335944549	0.049240757083379
"ADQ16524.1"	117.605651284888	-3.71355782996652	1.10569808824776	-3.35856403247611	0.00078348567068063	0.0414118056746239
"AEV85795.1"	973.37659579783	-3.71298334485853	0.849866562386894	-4.36890155371031	1.24873038483496e-05	0.0033301368944667
"ABL94289.1"	740.584715845203	-3.70945758018493	1.12857324251102	-3.28685586407452	0.00101312675086758	0.0489891317088471
"AEO64812.1"	975.500850201283	-3.68515333165758	0.944971066610488	-3.89975255525637	9.62910479913247e-05	0.014006766410705
"ABV92913.1"	1147.10777077602	-3.65395468208588	0.793633428334179	-4.60408363815453	4.1428595484233e-06	0.00151913481066247
"AAN75154.2"	134.586976258851	-3.65345489500696	1.05706023571005	-3.45624097055628	0.000547765395053883	0.0348200748741673
"CBH46405.1"	1372.52941617501	-3.64728489129644	1.09037141891354	-3.3449931170524	0.00082284612380547	0.0427224620209442
"ADY34724.1"	73.6069255587102	-3.63108789672163	1.08869677805462	-3.33526099269805	0.000852193755138627	0.0437302107410932
"ABR74049.1"	484.075529029809	-3.61497249272932	0.912054335269687	-3.96354948706034	7.38435473797101e-05	0.0120344470132433
"ADV42267.1"	510.807118214694	3.59444384798347	0.850245026848007	4.22753880879332	2.36261433989475e-05	0.00554458333286501
"AAU92152.1"	2379.4992254777	-3.58374214376433	0.932555516266554	-3.84292632583601	0.000121575973178859	0.0156194065979642
"AGA77933.1"	94.6259749252892	-3.57744091679354	1.02951857168699	-3.47486778303714	0.000511105198971352	0.0337593045709933
"ACV81462.1"	1174.76824340064	-3.5629089568011	0.718631137715068	-4.95791063010376	7.1255325003588e-07	0.000432764089739078
"AEE17337.1"	180.087101143445	-3.5530548210204	0.902830373113641	-3.93546221619327	8.30367279718472e-05	0.012737490843426
"AJA09151.1"	5671.62008799524	-3.50599214630697	0.925058533723978	-3.79002194833338	0.000150633974119658	0.01721628947065
"ARQ71946.1"	1569.18533599767	-3.49392725981974	0.842073249267888	-4.14919635893602	3.33644526774072e-05	0.00724997199475364
"AKJ02831.1"	540.663706661921	-3.48903219319581	0.724244897490592	-4.81747569818554	1.45385791540165e-06	0.000691604139702282
"CDR49038.1"	895.777079225327	-3.48516012475755	0.965674085216527	-3.60904385663005	0.0003073276551609	0.0260061252811875
"AJI55882.1"	2140.07457660411	-3.47731143119925	1.0273734689856	-3.38466150447961	0.000712660798638217	0.039359286923254
"AGL18221.1"	73.8961812612286	3.47232823199376	0.877740907834075	3.95598313921829	7.62205369848229e-05	0.0123078685455951
"ADG97865.1"	756.575560748425	-3.45505874020945	0.786523907318774	-4.39282100398905	1.11889246296429e-05	0.00305936292720014
"ACO34216.1"	927.954265435348	-3.4453498878841	0.765586836464882	-4.50027315489527	6.78661953983407e-06	0.00217184164582945
"ALA68250.1"	532.330069985638	-3.44008650345866	0.767011898864018	-4.4850497215931	7.28969337561105e-06	0.00224476456807169
"ACM19117.1"	88.4972795045556	-3.43761866358349	0.93064251799229	-3.69381217505471	0.000220917005240612	0.0213133245126771
"AEO58711.1"	425.022744652085	-3.41542652475516	0.860574517431047	-3.96877487721895	7.22430908428653e-05	0.0119801269364689
"CAP20152.1"	107.157383814389	-3.38966563475889	0.958262834458038	-3.53730261977234	0.000404236205413634	0.0297697131861313
"AKL08379.1"	97.9586746400163	-3.36987304832784	0.900578347986459	-3.74189880965082	0.000182635058673698	0.0192776151945778
"AKM30777.1"	771.211450099459	-3.36775675669574	0.92362215462784	-3.64624943200147	0.000266095696121103	0.0240522165160386
"AEM83078.1"	131.294310004338	-3.36537087201223	0.64006091224409	-5.25789156568403	1.45716392617567e-07	0.000134987064550621
"ABB07599.1"	1554.43303789227	-3.33305208989031	0.997890049251422	-3.34009953540536	0.000837483680227837	0.0432274201046632
"ACO76786.1"	2594.17122605865	-3.33299802226172	0.872807014264954	-3.81871131623369	0.000134150640468315	0.0163971209922418
"AGP58778.1"	262.98953501108	-3.31916284181835	0.733970821102737	-4.5221999926803	6.12001933804364e-06	0.0020715088532482
"SCF09315.1"	435.517008814896	-3.31713792102276	0.895119273703625	-3.70580549259971	0.000210719971264452	0.0212965267321786
"ABQ13629.1"	219.445255505789	-3.3116893610076	0.875109680426894	-3.78431348101658	0.000154133449128486	0.0173904028084005
"ANY19247.1"	315.158523588394	-3.30854166719023	0.873466893939583	-3.78782720918908	0.000151970475211781	0.0172569828013068
"AIU18001.1"	180.911385237005	-3.27223558927015	0.967349669881762	-3.38268124872582	0.000717818936558408	0.039359286923254
"AIJ13978.1"	1267.07936056833	-3.26290728497236	0.728013880627694	-4.48193004528853	7.39709930959367e-06	0.00224476456807169
"ABK75685.1"	173.787372249161	-3.25510679822244	0.985666778867916	-3.30244142139099	0.000958471051498121	0.0473877780264563
"ADW02858.1"	1036.84064474429	-3.24571605223498	0.956004284550898	-3.39508525713326	0.000686072325946521	0.0384571942961297
"AFM61610.1"	100.551694571093	-3.24029392497717	0.67983297386176	-4.76630885755781	1.87631563514565e-06	0.000846795679338424
"ACB75035.1"	934.342904002838	-3.22757946001469	0.699371086446821	-4.61497411397506	3.93144314553307e-06	0.00147228363413888
"ADG99025.1"	247.136138539678	-3.20517689729892	0.902156063500815	-3.55279649161946	0.000381159215122636	0.0289171695921272
"ADB53806.1"	5195.95206876598	-3.19595726423806	0.826106949026096	-3.86869674441766	0.000109418627355247	0.0147013531303794
"ADM09007.1"	473.294481036512	-3.19192661859765	0.858999074459733	-3.71586735481085	0.000202507806427092	0.0207229064007166
"ACI54250.1"	415.528102451012	-3.14746078768248	0.727507996365039	-4.32635902754145	1.51594262328409e-05	0.00392383913417989
"AEA61607.1"	1916.90514560223	-3.14640568031892	0.826898272614899	-3.80506984295547	0.00014176418318535	0.0166655968146094
"AAO56655.1"	658.961710823211	-3.09184779182778	0.752557612789862	-4.10845327890015	3.9831776101379e-05	0.00797655179456237
"SCM55358.1"	212.32139218438	3.07086305471997	0.857054032309987	3.58304487109545	0.00033961224182249	0.0272945893530486
"ABN76734.1"	870.199956252846	-3.06579504227662	0.901034757254367	-3.4025269475938	0.000667657707153026	0.0380305608530757
"ACD04696.1"	217.817740275293	-3.06335693500514	0.860170637508215	-3.56133632261528	0.000368972092877153	0.0289103885323528
"ACI09621.1"	284.759740115555	-3.06064228567893	0.823231591054558	-3.71783872112858	0.000200934476079569	0.0206821503712075
"SDN08490.1"	137.066888765222	-3.05621099795172	0.816835920844582	-3.74152375031658	0.000182907888045821	0.0192776151945778
"AHE14830.1"	382.64002820234	3.04918127230799	0.758163995780871	4.02179645733174	5.77559572232316e-05	0.0104867747168273
"ADZ45396.1"	60.8024262158434	-3.04836507892443	0.893581772506626	-3.41140024641877	0.000646301447589732	0.0373090677608161
"ABF41905.1"	302.265036013923	-3.04828549616866	0.679168826240536	-4.48825885169393	7.18076462831261e-06	0.00224476456807169
"ABA79139.1"	827.134473460363	-3.04391338025942	0.925364925129763	-3.28941944696312	0.00100394288863937	0.0486787845260097
"CEF78598.1"	86.3621428925245	-3.04277120799384	0.917455617500472	-3.31653232042287	0.000911420446746314	0.045965361842928
"ANZ34777.1"	105.457493550519	3.03664608070197	0.752387987634957	4.03601084893356	5.43677031119145e-05	0.0100729046576085
"AFP39845.1"	61.2588116010108	-3.00942722862023	0.863642276152509	-3.48457609327221	0.0004929172830943	0.0331138820600869
"ABA04795.1"	2339.39354947392	-2.99429023080607	0.893258771076088	-3.35209720605253	0.000802018533051936	0.0421382931350661
"ANS25162.1"	393.780071983037	-2.99200130461584	0.84879929565171	-3.52498089942284	0.000423513327365253	0.0299367794174932
"AEB56105.1"	306.55832535229	-2.98480612238586	0.882129728681603	-3.3836362445769	0.000715327063928981	0.039359286923254
"ABF39655.1"	157.673940797042	-2.97259820100673	0.709012287274883	-4.19259052961131	2.75786969240845e-05	0.00630406031897157
"ACA15609.1"	6082.60360064182	-2.96663935166475	0.80658925589551	-3.67800504405561	0.000235065312409754	0.022364240884995
"ADH98369.1"	149.790647158312	-2.94439737876851	0.76419005735543	-3.8529647833393	0.000116696179849934	0.015160269010678
"ACG72309.1"	3144.29616963538	-2.92911233363884	0.79573788011175	-3.6810015041982	0.000232319634284488	0.0222231406687025
"ACL64427.1"	3172.49916666983	-2.91493028447826	0.818796116034893	-3.56001967693022	0.000370827006657855	0.0289103885323528
"AGK80003.1"	90.9520376176145	-2.89093555199862	0.778471714719033	-3.71360384370808	0.000204328565642655	0.0207883646466842
"ADV26648.1"	2212.45388488883	-2.88761865940335	0.766010305374777	-3.76968643782221	0.000163452771537128	0.0180939134077044
"AKS31237.1"	208.152574810356	-2.88437871095895	0.724828510054329	-3.9793946719104	6.90909614346337e-05	0.0115816191639142
"ACV79838.1"	4632.47562465373	-2.87479820031251	0.846676614071709	-3.39539105312885	0.000685306418679657	0.0384571942961297
"ACH38810.1"	403.077181747219	-2.86650799569888	0.695246656122287	-4.12300867678633	3.73955606350637e-05	0.00765347979927624
"ABM33295.1"	194.853090305547	-2.86351696838266	0.849317145768663	-3.37155205525855	0.000747459116767035	0.0402325012667174
"ABE64487.1"	154.457956552674	-2.86237565927703	0.752344205806802	-3.80460916317879	0.000142028266700267	0.0166655968146094
"ACJ00670.1"	491.52808996638	-2.84076321320869	0.805111671907343	-3.52840893050129	0.000418065771288684	0.0299367794174932
"AGT84286.1"	344.869330172688	-2.79633746158058	0.809104971366395	-3.45608735645042	0.000548077666311667	0.0348200748741673
"AHY53709.1"	698.40509654595	-2.79618011858936	0.773920967064665	-3.61300473508909	0.000302669174309071	0.0257356528358162
"ACB60803.1"	166.309512030084	-2.77622755466244	0.789831864245942	-3.51496018372584	0.000439819925097719	0.0305979071211263
"ACV78168.1"	445.139250753977	-2.77476702365177	0.797858506617706	-3.47776830181908	0.000505606762041476	0.0335818287497812
"AGL14274.1"	730.751922219048	-2.77453751689716	0.72635118488596	-3.81982927078556	0.000133544077923013	0.0163971209922418
"ADV81312.1"	229.105727619204	-2.77367289814604	0.82063230515763	-3.37992165396567	0.000725064949129264	0.0395006614840681
"AEO53769.1"	469.493510265013	-2.75770298189397	0.808399697148248	-3.41131125063776	0.000646512451965735	0.0373090677608161
"ADI11756.1"	1018.27122218072	-2.75449553001861	0.721789751454807	-3.81620205117456	0.000135521543440309	0.0164504461109853
"AEK42215.1"	682.818394807815	-2.75249180785027	0.797566935919564	-3.45111072674641	0.000558284474105164	0.0349459872953951
"AKT38592.1"	973.704094420589	-2.75118520141328	0.815273798649105	-3.37455368487488	0.000739354933860387	0.0400411882796205
"AAK25284.1"	3408.80583290571	-2.73887421241465	0.555189316016087	-4.93322571851381	8.08825933991007e-07	0.00044691385258449
"ABV15137.1"	235.870157165701	-2.73303856461793	0.779018002611022	-3.50831245934966	0.000450959059850904	0.0310051969235772
"AEE48407.1"	116.260248168125	-2.72878155204789	0.7972167862658	-3.42288521649128	0.000619602354122017	0.0364899895544901
"ADU48919.1"	800.592230017413	-2.71189111869678	0.76330037491343	-3.55284918994616	0.000381082869357591	0.0289171695921272
"ACL96896.1"	3370.21139497562	-2.7021449374282	0.545031360009884	-4.95777882832135	7.13036679872352e-07	0.000432764089739078
"ADW02160.1"	551.831653782775	-2.70053826517484	0.688856105724587	-3.92032275352227	8.84304559011592e-05	0.0133031149941564
"AIC89328.1"	74.4232918157431	-2.69547743785528	0.714042899932873	-3.77495167042299	0.000160038688286679	0.0178281072945179
"ADU27118.1"	4599.05097619513	-2.68912175358262	0.762425519261604	-3.52706157604351	0.000420199028016769	0.0299367794174932
"AKM29956.1"	628.195198756422	-2.68152374863802	0.797134884405138	-3.363952326135	0.000768348144025941	0.040734023141568
"ABO03702.1"	111.920500572771	-2.67681708446641	0.755885950434	-3.54129757661124	0.000398164243459815	0.0296709465619769
"ADZ70308.1"	3598.54386809631	-2.65986030894436	0.718551797016747	-3.70169599462065	0.000214163128890155	0.0212965267321786
"AAM38307.1"	290.847133144508	-2.65226996262982	0.755003932330741	-3.51292205120324	0.000443207481243385	0.0307121845565544
"AAW30398.1"	1890.00484730673	-2.63624298948652	0.718934620070165	-3.66687444990371	0.000245533271559997	0.0229873995357846
"AEK40045.1"	289.256533272788	-2.63373740740006	0.723251343033594	-3.64152439227165	0.000271028440009808	0.0240927857202658
"AKN74671.1"	176.825701717204	2.63294685979861	0.657672777801746	4.0034298950295	6.24307071052638e-05	0.0110026771725461
"ADB32112.1"	885.332657436898	-2.62453176689894	0.683994862765584	-3.83706356548823	0.000124514250788367	0.0157448000960843
"AAY47902.1"	425.795833391013	-2.62246322005538	0.698221651608312	-3.75591792952094	0.000172707288029631	0.0187643270161083
"ACL38730.1"	738.190079710773	-2.60649517425338	0.736215235508352	-3.54039830818444	0.000399523568842027	0.0296709465619769
"ADP36408.1"	2796.29686319599	-2.59620092074123	0.706209641907007	-3.6762467781247	0.000236690569663178	0.0223977995518365
"ADB53850.1"	1711.72657020215	2.59615868122185	0.454353434080066	5.71396293389599	1.10375049956618e-08	2.29307053142195e-05
"ACL09161.1"	844.298216331813	-2.57825157940023	0.743520136549886	-3.46762845101135	0.000525072727575033	0.0341776088076062
"AAU46020.1"	102.100270021184	-2.56958835226246	0.703955455587653	-3.65021441607751	0.000262021490684392	0.0240200013413332
"AQA13293.1"	757.756327426802	-2.56702587102328	0.769850139970263	-3.33444879431007	0.000854686351731918	0.0437306234791671
"AKH61141.1"	155.729703312086	-2.5562147650466	0.748922750320652	-3.413188828824	0.00064207436655121	0.0372975278074847
"ACB77594.1"	559.35283510182	-2.55333720807107	0.771599295869828	-3.30914921998817	0.000935799474901755	0.0467926322663233
"ACF01206.1"	954.74474483305	-2.52458158094259	0.713496299414146	-3.53832470191581	0.000402674554496433	0.0297697131861313
"SBT38533.1"	300.640847869099	-2.51824562250247	0.726310069311959	-3.46717707615982	0.000525955282661793	0.0341776088076062
"AEG49859.1"	372.643158697042	-2.50904467047319	0.671341183868015	-3.73736146502591	0.000185961490611439	0.019482786882452
"AIG77912.1"	924.975708389593	-2.50260962197876	0.684828186162073	-3.65436130192586	0.000257822991519412	0.0238839077564904
"AAU92129.1"	196.341984875195	-2.48362015551265	0.731221623192685	-3.39653543705202	0.000682447201843284	0.0384571942961297
"AAM42607.1"	436.586670500993	-2.47492108360118	0.734787151002388	-3.36821497249228	0.000756565797449794	0.0405985201247372
"AKC81756.1"	577.740613664738	-2.4702436810458	0.527606702050742	-4.68197934454636	2.8411811540656e-06	0.00114706754384558
"ACU71472.1"	517.762130682405	-2.4508871197531	0.679630750346746	-3.60620398429981	0.000310708926873495	0.0261664489086143
"ACB34020.1"	1178.03336405546	-2.44944552081644	0.634502150595153	-3.86042114832691	0.000113191764233008	0.0149834619846983
"ADI10071.1"	3280.97423000626	-2.44703939337179	0.553685029456402	-4.41955130297499	9.89060404259837e-06	0.00280781486699635
"ANP27932.1"	305.791376663591	-2.43191026815673	0.710965696246322	-3.42057328644189	0.000624892963697457	0.0365406679536178
"AKQ70091.1"	401.336254801726	-2.42870684102529	0.685011492808071	-3.54549794642025	0.000391872041111805	0.0295312619134509
"ADG10480.1"	762.008406702747	-2.41892193226973	0.718445715536358	-3.36688197863895	0.000760232162619432	0.0406712653321113
"AAY92522.2"	439.61848382683	-2.40554275153891	0.697845125150052	-3.44710117595457	0.000566636336092597	0.0351174864491754
"ADU14366.1"	245.210836641887	-2.40407463199576	0.714221358151014	-3.36600775734215	0.000762645636117607	0.0406767449736545
"ANS70584.1"	172.224470852375	2.40019000673156	0.53311610929858	4.50218998238393	6.72568191443777e-06	0.00217184164582945
"ADI12151.1"	938.573918360827	-2.39950894462884	0.629608504898987	-3.81111266121446	0.000138342695408907	0.0166655968146094
"ABL71266.1"	115.761684072713	-2.39499897156222	0.6082714934645	-3.93738486398754	8.23744339560258e-05	0.012737490843426
"ABA79690.1"	207.963656872309	-2.39158034110851	0.561210195509503	-4.26146987393427	2.03086734177502e-05	0.00496462445591419
"AEH89752.1"	403.733260422059	-2.38675732548744	0.622541178636265	-3.83389470029252	0.000126130152465649	0.0157448000960843
"ADG89012.1"	640.372965869633	-2.36264470078076	0.563308487920509	-4.19422883099565	2.73801473821633e-05	0.00630406031897157
"AJY01409.1"	78.0194717988703	-2.36175154124701	0.652072831555453	-3.62191372950364	0.000292431652069694	0.0252346843718031
"ABE45326.1"	291.463538232217	-2.35311450156529	0.605953268304097	-3.88332669308152	0.000103036980006207	0.0142907625943555
"AGT86208.1"	137.773027228771	2.35304936018284	0.496792325594185	4.7364849232896	2.17456910438829e-06	0.000933526605032643
"APP77854.1"	92.2060268278944	-2.34393888129933	0.683349399232289	-3.43007381572683	0.000603417069913925	0.0362100517763883
"AKJ05986.1"	493.43875587476	-2.33033183906278	0.567857949862564	-4.10372319279282	4.06553860850655e-05	0.00804017360093526
"AAU95213.1"	82.8276942693624	-2.30764736010585	0.654646281217322	-3.52502935755589	0.000423435861798429	0.0299367794174932
"ACR36760.1"	540.947610687562	-2.30164868633857	0.575350463174761	-4.00042901441005	6.32277519503294e-05	0.0110185313077005
"CBK62766.1"	410.984300218415	-2.29922872348462	0.663396431890738	-3.46584427192594	0.000528569335384149	0.0342034885003544
"CTQ97099.1"	168.309400000683	-2.28920677001923	0.65767409445102	-3.48076165586254	0.000499990197484139	0.0333434319808221
"ACT93093.1"	106.41698340414	-2.27133960401078	0.692817756187175	-3.27840847571629	0.00104394211292957	0.0497951900533154
"ACF02335.1"	210.402920846612	-2.26685038865752	0.644562453559377	-3.51688246210993	0.000436647090313249	0.0304977199865218
"AGJ58960.1"	142.782023932644	-2.25294101789995	0.613611859494511	-3.6716060536312	0.000241031019454732	0.0226865613552018
"ADO71653.1"	1612.38148466035	-2.24662117815928	0.672147554879914	-3.3424523556597	0.000830416097502915	0.0429886874474965
"ACU70252.1"	732.416473048375	-2.24630368674889	0.578759876370111	-3.88123603321873	0.000103926913929748	0.0142907625943555
"ADG16131.1"	365.033871918505	-2.22400432878543	0.646154740532819	-3.44190669707308	0.000577629446662324	0.0352876907019955
"AHI76598.1"	79.0929636601638	-2.18582793620345	0.643028275865466	-3.39927188001413	0.000675655160959874	0.0383519534845508
"ACF50272.1"	1783.30998801869	-2.17929506114669	0.563067101418196	-3.8704002696263	0.000108656801626583	0.0147013531303794
"CDR45200.1"	230.636328499291	-2.17503509676741	0.611207730982178	-3.55858570910458	0.000372857121575142	0.0289103885323528
"ACY13005.1"	944.152574063797	-2.17489271454445	0.596648396084197	-3.64518320809755	0.000267201380079429	0.0240522165160386
"ACB74568.1"	460.251771525067	-2.17331151667893	0.596314898719317	-3.64457021172281	0.000267839011257518	0.0240522165160386
"ABN99209.1"	220.344509115612	-2.16540901716948	0.608952304275066	-3.5559583270603	0.000376603775305798	0.0289171695921272
"ABP73024.1"	338.372389853265	-2.14981283604426	0.598883297037417	-3.58970244566687	0.000331055640546471	0.0271019085081788
"AEM84668.1"	145.710131902583	-2.14310799027211	0.621030895055347	-3.45088788228661	0.000558745631722379	0.0349459872953951
"AKJ09136.1"	1230.20188433486	-2.14218736501827	0.506086732685939	-4.23284632191226	2.30752188575384e-05	0.00548847198799369
"AKG42238.1"	326.849034159834	-2.13970373824181	0.596824184551855	-3.58514918400713	0.000336885576506486	0.0272945893530486
"AGM05287.1"	1043.30867719917	-2.13692913246276	0.642588192716117	-3.32550326427615	0.00088259066729954	0.0450274734351861
"XP_003709140.1"	368.996146259977	2.12800280414111	0.620603424187595	3.42892533492993	0.00060597620890941	0.0362100517763883
"ABL93188.1"	358.262371871237	2.08568798244012	0.607828406272534	3.43137629126362	0.000600526960953453	0.0361982021908963
"AMY08654.1"	333.103643770021	2.0824938534775	0.631846279327534	3.29588686617553	0.000981115163383576	0.0482363351695931
"ACM01712.1"	226.558756291771	-2.08188192195601	0.63010492938671	-3.30402417892895	0.000953076118939804	0.0472537824491817
"AEU37098.1"	239.198666013885	-2.0740457124054	0.515720750491534	-4.02164487356506	5.77931451356314e-05	0.0104867747168273
"ANZ43397.1"	319.959257474929	2.06396665886365	0.395525074108151	5.21829535970024	1.80577343533579e-07	0.00015635208952238
"ABK53805.1"	225.928307760333	-2.05158697114465	0.578726510011049	-3.54500258007099	0.000392609243096842	0.0295312619134509
"ACU70530.1"	1410.85086393333	2.04951009779755	0.622688284916098	3.2913901665481	0.000996935379081648	0.048606813316388
"AEK44212.1"	272.450901098814	2.0482888789439	0.499608035320826	4.09979170496844	4.13522152271386e-05	0.00808711489125408
"AHX15488.1"	251.31426506366	-2.0341552964496	0.613239015377263	-3.31706764482066	0.000909675889810287	0.045965361842928
"AQZ67968.1"	1662.05974152707	-2.03314596244205	0.588437681947665	-3.45515935640382	0.000549967661781633	0.0348200748741673
"SHI28350.1"	357.709611145984	-2.03123001458834	0.597690901863288	-3.39846232936795	0.000677657947485672	0.0383519534845508
"CCF63038.1"	179.621094289159	-2.02253682438018	0.610240596493829	-3.31432689991583	0.00091864039220165	0.0460654972739067
"ADG97356.1"	3040.1099360628	-2.02145028002186	0.570419689809052	-3.54379471139669	0.000394412223598126	0.0295406363725558
"ACU35821.1"	1272.55145611375	-2.01776522751911	0.48785006264211	-4.1360356019865	3.53357392639396e-05	0.007493305382947
"AJW79649.1"	476.669292440375	-2.01596636441097	0.612762447947541	-3.28996395122366	0.0010020021885124	0.0486787845260097
"AIO37360.1"	770.789403745704	-2.01057842368217	0.55211571637131	-3.64158882651696	0.000270960600693733	0.0240927857202658
"ABP00921.1"	349.641843641315	-1.99559202125018	0.540367075243723	-3.69303037264087	0.000221597544788359	0.0213133245126771
"ACB74572.1"	274.227442749741	-1.96391564187396	0.593931983253438	-3.30663391978999	0.000944242033276757	0.0469480339765655
"AGG87693.1"	1101.98412813437	-1.9613091209898	0.581655930200883	-3.37194038460578	0.000746406029357888	0.0402325012667174
"ADI13053.1"	294.831104667894	1.94801401082261	0.509023118975229	3.8269656882076	0.000129732590280714	0.0160804459262736
"ADJ47369.1"	274.225042480087	1.93725503744197	0.469525526226576	4.12598448695869	3.69152152415291e-05	0.00764405533489593
"ACO31611.1"	315.941573501104	-1.92669490463192	0.559909609930859	-3.44108204334954	0.000579392823755972	0.0352876907019955
"ABW16319.1"	645.638614422324	-1.92621966166487	0.532351741501261	-3.61832133061653	0.000296520098953331	0.0254587817642809
"ADY26390.1"	160.184992747804	-1.92206627119117	0.430685055994329	-4.46281161707287	8.08911653864271e-06	0.00241316169824831
"ABD07627.1"	626.090296202252	-1.91769342809849	0.553121557605911	-3.4670379444238	0.00052622759995803	0.0341776088076062
"ACZ86277.1"	14830.5064766689	-1.8912358650415	0.550888534332659	-3.43306448977474	0.000596800128023395	0.0360971788774563
"SEH66333.1"	231.810958060694	-1.88247694309427	0.552583545291032	-3.40668295163008	0.000657574633302131	0.037577828314126
"ACU37123.1"	399.70475591142	1.88095451042347	0.483149985339248	3.89310683534998	9.89685408703139e-05	0.0140479458698258
"ADW04727.1"	156.861221874124	-1.85176490327017	0.540767531431199	-3.4243270825992	0.000616323927875571	0.0364899895544901
"AEN10445.1"	282.552242609316	-1.84328211445808	0.47430875264597	-3.88624941912873	0.000101804908899288	0.0142907625943555
"AKN75734.1"	165.395290524982	-1.83357143768089	0.511654360311211	-3.58361343107803	0.000338873501106691	0.0272945893530486
"ACA93741.1"	508.906905380333	-1.81573145025091	0.527387001756089	-3.44288244534831	0.000575549434950776	0.0352876907019955
"ACA90512.1"	115.678143381245	-1.80314546934794	0.525926246692359	-3.42851394218911	0.000606895362424553	0.0362100517763883
"ACU38562.1"	254.178007563977	1.77344501658307	0.514126902868489	3.44943049408311	0.000561770330810112	0.0349459872953951
"ADJ46954.1"	186.828649694607	1.77121141246833	0.514113227079363	3.44517767521845	0.000570684137853138	0.0352442509135196
"AJF67454.1"	831.984435685543	-1.77092681438748	0.515554279511422	-3.43499585740174	0.000592562887005142	0.0359644806006121
"AKQ65141.1"	204.794251286846	-1.76972566973861	0.519014128602281	-3.40978322594904	0.000650145327803775	0.037396104296321
"ACB95495.1"	247.906110924584	-1.76906430929717	0.449580354516508	-3.93492351595229	8.32231945340599e-05	0.012737490843426
"AFS60099.1"	872.71774606284	1.74420415871634	0.515573643489349	3.38303592656859	0.000716892535025618	0.039359286923254
"AGT85793.1"	96.4191697900567	1.74411845797975	0.497872252116278	3.5031445326911	0.000459799900083703	0.0313679769045475
"AEO66274.1"	183.320115886195	1.72463036632655	0.463316246223192	3.72236108788585	0.000197368496855899	0.0204623531077253
"ADV28747.1"	1026.52712666176	-1.71777404045348	0.489413172648759	-3.50986474507152	0.000448334686465826	0.0309456424175882
"AIE83655.1"	68.7516497884007	1.71427103533161	0.451164779021373	3.79965616786412	0.000144896980527204	0.016889614266618
"AAV95835.1"	409.90746079159	-1.70713094465805	0.505196882725021	-3.37913990175438	0.000727129954027503	0.0395006614840681
"AKS34202.1"	87.5499858669389	-1.70440341385783	0.483193253924261	-3.52737419244887	0.000419703160955864	0.0299367794174932
"ADB77286.1"	782.93277557916	-1.70254387632595	0.454988772126672	-3.74194701194066	0.000182600022645142	0.0192776151945778
"AFH63220.1"	156.639573884452	-1.68991017717977	0.479388757511577	-3.52513518663182	0.000423266728572982	0.0299367794174932
"ANG85634.1"	610.917097921068	-1.68922765356934	0.50308651787671	-3.35772793256072	0.000785859216227835	0.041412898397683
"ACV34691.1"	663.801337398149	-1.6776586067271	0.387219602284258	-4.33257664857454	1.47374330033885e-05	0.00387154564615882
"AFV10649.1"	113.181636079359	1.66907447751506	0.459191449567084	3.63481175245886	0.000278183685526916	0.0246045781354736
"AGT81986.1"	353.989315705823	-1.6631652499615	0.496804839647526	-3.34772352689134	0.000814782510098739	0.0425548574488068
"ADL45733.1"	846.345318770195	-1.64877060643927	0.496831527158565	-3.31857081588355	0.000904793769748104	0.0458941646724391
"CDR06394.1"	333.981822268548	-1.63649717764628	0.29385613828642	-5.56904200534751	2.56143735564129e-08	3.75698824138686e-05
"ADW07561.1"	189.24011738551	-1.633810227071	0.450649923973209	-3.62545324021431	0.000288455089540916	0.0251341486683647
"AFE09802.1"	247.391400250847	-1.63264814860567	0.473015344616218	-3.45157544504254	0.000557323919449931	0.0349459872953951
"AOD20052.1"	212.72526271997	-1.62799465993755	0.480422642475655	-3.38867179854048	0.000702320176780421	0.0391187893402285
"ALJ29126.1"	259.212306474514	-1.59092058820163	0.430636188577778	-3.69434950057452	0.000220450414948715	0.0213133245126771
"ABR62539.1"	152.475097426555	-1.58764134889042	0.484126763758825	-3.27939181995178	0.00104031086926092	0.0497568250267972
"AIS01455.1"	364.089277166863	1.55094770385761	0.38859776724088	3.99113899925272	6.57567242493849e-05	0.0112160213955953
"ABF44962.1"	85.8529033229523	-1.54472952475088	0.456808192418092	-3.38157141309995	0.000720724964332233	0.0393959009230175
"AKH85729.1"	170.158831561943	1.52959221804709	0.403383098030372	3.79190954087005	0.000149493370629058	0.0171976001074643
"ARP75613.1"	367.260546278738	-1.528144955821	0.381179050180335	-4.00899512997379	6.09776739509059e-05	0.0109517146858153
"AFO76786.1"	71.8216462582167	1.51743444316272	0.443949983576	3.41803018200349	0.000630761118185817	0.036761676957578
"AEG44915.1"	1255.75712406641	-1.46253620561666	0.373345037387839	-3.91738488302804	8.95147687446341e-05	0.0133521139379178
"ACB77600.1"	462.573849326826	-1.46188811085373	0.390108617348099	-3.74738738352264	0.000178686017673207	0.0191771499821105
"AIS01080.1"	889.59755118563	-1.45941898651745	0.423096517932721	-3.44937602807102	0.00056188366596198	0.0349459872953951
"ABK65310.1"	78.0625695050787	1.45774660091025	0.409995977439271	3.55551439800693	0.000377240284104837	0.0289171695921272
"BAS75169.1"	147.034261960353	-1.44331130804127	0.439513956633458	-3.28388049175183	0.00102388329889888	0.0492387156937684
"ADJ45077.1"	98.287264016859	1.44039620671058	0.435563548884488	3.30697141760267	0.00094310514405584	0.0469480339765655
"AEA81971.1"	94.6607660774225	1.43043698324441	0.39875298943488	3.58727588543387	0.000334150722258945	0.0272286428818504
"AFE10035.1"	954.511314394255	-1.42978333660824	0.417841280716503	-3.42183360666634	0.000622003664563484	0.0364929549999396
"AAS03122.1"	149.804552330308	-1.42347417102746	0.409710869472572	-3.47433831291789	0.000512114898043021	0.0337593045709933
"AEB43857.1"	114.258615369299	1.41550765374121	0.371704076403365	3.80815746611597	0.000140006112302219	0.0166655968146094
"ADL45228.1"	245.06000554937	1.40778684640813	0.391141687538445	3.59917362751	0.000319230003841242	0.0265036193283476
"AEK41888.1"	531.430270065292	-1.40328383161782	0.425351096207951	-3.29911887879974	0.000969888285960496	0.0478179375943717
"ADI10077.1"	97.5777211692235	1.39979637159583	0.404041817831351	3.46448389701114	0.000531249944480232	0.0342510266402805
"ACU36112.1"	853.677503109778	1.39740836035892	0.334613114921989	4.17619124308594	2.96430630068483e-05	0.00660439939219666
"AGZ42060.1"	149.484590520695	1.36165885310739	0.385484764913125	3.53232858220549	0.000411917184372549	0.0299367794174932
"AGP59616.1"	610.81364764666	-1.35739593599728	0.387171253393463	-3.50593161062459	0.000455012115761198	0.0311621332665869
"ACQ79737.1"	374.286938855024	1.30955904571086	0.345094214813769	3.79478701611259	0.000147770251281529	0.0171112117947776
"ABF75782.1"	207.888681605358	-1.30118529590617	0.381898510259995	-3.40714944140612	0.000656451743141365	0.037577828314126
"ADO73890.1"	98.3227109762705	-1.27488101682981	0.351994833344207	-3.62187423240708	0.000292476314518938	0.0252346843718031
"CBG74887.1"	148.575762205202	1.25221870988295	0.362140585757063	3.45782483138465	0.000544555326605291	0.0348200748741673
"AOR79043.1"	733.947503891427	-1.24775965335342	0.354634005874472	-3.51844333223667	0.000434086513908669	0.030439668252217
"ADJ46583.1"	160.747493986751	1.22898389198485	0.33621997621611	3.65529706419021	0.000256884346232439	0.0238839077564904
"AFH60867.1"	83.914388341461	-1.2284071395665	0.351668634089201	-3.4930813285296	0.000477481064589508	0.0321997862752487
"AGM03434.1"	71.5862920340959	1.20458771731452	0.320615412550562	3.75711107501593	0.000171886214658806	0.0187643270161083
"ADI06182.1"	87.8812113486571	1.18480210928825	0.336366550472089	3.522354133089	0.00042773235374079	0.0301140686327666
"ACT14904.1"	76.0854700975377	1.18264957360689	0.300145408645984	3.94025542133749	8.13948985928759e-05	0.012737490843426
"AEB47823.1"	204.436670215579	1.18100375838831	0.33419855366138	3.53383862811369	0.000409571058999668	0.0299367794174932
"ACS43887.1"	373.883538899439	-1.17752101841437	0.35767626679939	-3.29214188280153	0.000994274368340447	0.048606813316388
"ACM41799.1"	357.562500280357	1.16104269754531	0.302795578169434	3.83441100614629	0.000125865531268846	0.0157448000960843
"AEY86004.1"	245.885032317638	1.15861641095847	0.345802249236606	3.3505172783469	0.000806607770902745	0.0422532838561286
"ADJ42758.1"	171.309310629372	1.15684215231341	0.288984879954762	4.00312345924293	6.25116594088185e-05	0.0110026771725461
"AGZ44103.1"	390.722781233498	1.14183148781656	0.293209536442404	3.89425085442558	9.85026739236082e-05	0.0140479458698258
"AGS72825.1"	386.058956642813	1.11915223796131	0.30274923983125	3.69663104219558	0.000218479507909887	0.0213133245126771
"ADJ45902.1"	201.872113998857	1.11491827610516	0.282419494215238	3.94773837834105	7.88929492957112e-05	0.0126235890959438
"ADI09967.1"	238.334840648127	1.09305590115703	0.301347243221973	3.6272304649951	0.000286477574661245	0.0250860288139929
"ALO11011.1"	77.4228978687702	1.07782598188494	0.236522133306866	4.55697725542902	5.18950411558857e-06	0.00182680923876949
"AEG01966.1"	152.655224986638	1.07703284223541	0.279044155055216	3.85972192115005	0.000113516127400358	0.0149834619846983
"AEB46684.1"	321.443393748997	1.07693632132888	0.28494257463895	3.77948547244464	0.00015715276145517	0.0176181258240283
"AEV82374.1"	223.424676914455	1.06869465053342	0.314883616170056	3.393935395979	0.000688959434576189	0.0384964285967476
"ADU10194.1"	153.547478050791	1.06527219619572	0.206051242879813	5.16993822171254	2.34171394288017e-07	0.000178008131152833
"AAW61721.1"	98.0992492011793	-1.04750928812468	0.296711008493798	-3.53040250660796	0.000414927903487732	0.0299367794174932
"ACU71652.1"	251.458519436455	1.02081482196613	0.30145846294336	3.38625365497842	0.000708538589836588	0.0393406552672359
"BAL77305.1"	81.8127448851637	-1.01515737514076	0.3082706884912	-3.29307135916603	0.00099099319462001	0.0485862708036401
"BAG18291.1"	114.750394257555	1.00472941023185	0.305812856441777	3.28543875467556	0.00101823676331011	0.0491013295096474
"AGK80896.1"	130.458186251641	-1.00453238363415	0.267361403107225	-3.75720792889197	0.000171819725189421	0.0187643270161083
"AGZ43721.1"	352.381817605156	0.997310532451152	0.269969349003421	3.69416208222406	0.000220613055783999	0.0213133245126771
"ACU36497.1"	481.635267678346	0.996554209722684	0.275819825078203	3.61306229325659	0.000302601968856356	0.0257356528358162
"AGL16691.1"	232.467930515107	0.960472011231351	0.233795533291425	4.10817092058867	3.98804930357076e-05	0.00797655179456237
"ADW71079.1"	236.558865060655	-0.942736438395762	0.263460123316532	-3.57828891343499	0.000345851026792603	0.0275992403354063
"AKT41839.1"	204.547214398691	-0.905377513848747	0.245156193375039	-3.69306400700921	0.000221568226439366	0.0213133245126771
"ACU75707.1"	241.845164125657	-0.819019933816337	0.234372133641008	-3.49452778831995	0.000474901169321745	0.0321489826201232
"ACU37020.1"	261.026080999202	0.785788555745303	0.212190263434855	3.70322626036302	0.00021287486257318	0.0212965267321786
"AIS01933.1"	348.910023916959	0.754280927221608	0.225882262929079	3.33926585222158	0.000840001320715141	0.0432305942862784
"AGT85002.1"	124.074689578593	0.745305485722433	0.206760029512823	3.60468842782889	0.000312527635278113	0.0261942805168098
"AEO58515.1"	240.768998849414	0.726408573369842	0.211099288466991	3.44107542306297	0.000579407000333884	0.0352876907019955
"AFM15661.1"	184.711337285935	0.725092306171223	0.187105988971308	3.87530249650326	0.000106492324992589	0.0145300109472447
"AGD80628.1"	158.736620025491	0.710759927346163	0.197931577162027	3.59093752263861	0.000329490619642289	0.0270998336276819
"ACV47620.1"	331.623367864407	-0.66866878871053	0.186171383196834	-3.5916840559946	0.000328548014086072	0.0270998336276819
"AIQ90444.1"	459.636878198827	0.579110210791114	0.174438897104578	3.31984563307535	0.000900672357945185	0.0458171507866856
